insert into public.projects (
  id,
  created_at,
  updated_at,
  name,
  contractor,
  address,
  status,
  description,
  start_date,
  end_date,
  include_weekends,
  client_id,
  client_name,
  contract_amount,
  contract_date,
  inspection_date,
  handover_date,
  warranty_end_date
) values
  (
    'project-genbahub-hq',
    '2026-01-05T09:00:00.000Z',
    '2026-01-05T09:00:00.000Z',
    'GenbaHub 本社改修',
    'フィールドクラブ',
    '東京都渋谷区桜丘町1-1',
    'active',
    '本社エントランスと会議室の改修案件',
    '2026-01-10',
    '2026-03-15',
    true,
    'client-001',
    '株式会社サンプル',
    12500000,
    '2026-01-06',
    '2026-03-10',
    '2026-03-15',
    '2027-03-15'
  ),
  (
    'project-cafe-renewal',
    '2026-02-01T09:00:00.000Z',
    '2026-02-01T09:00:00.000Z',
    '青山カフェ原状回復',
    '内装パートナーズ',
    '東京都港区南青山3-3-3',
    'planning',
    '原状回復後に軽微な追加工事を予定',
    '2026-02-10',
    '2026-02-28',
    false,
    'client-002',
    '青山フードサービス株式会社',
    4200000,
    '2026-02-02',
    '2026-02-26',
    '2026-02-28',
    '2027-02-28'
  )
  ,
  (
    'project-kdx-minamiaoyama',
    '2026-04-01T09:00:00.000Z',
    '2026-04-01T09:00:00.000Z',
    'KDX南青山ビル 8・9階 住宅リニューアル工事',
    '株式会社リップル',
    '東京都港区南青山（KDXビル）',
    'planning',
    '8F約113.92㎡+9F約75.09㎡=合計約189㎡(57.17坪)の住宅リニューアル。設計:MTM Lab一級建築士事務所。ラポルタは解体・躯体・衛生・その他を担当(約1,050万円)。8F:GRAND SALON/BEDROOM/HALLWAY/FOYER/WC/Roof Garden/Balcony、9F:PRIMARY BEDROOM/DRESSING ROOM/BEDROOM/HALLWAY/BATHROOM/POWDER ROOM/Balcony。天井高8F CH2840、9F CH2840(PRIMARY)/CH2640(その他)。',
    '2026-05-01',
    '2026-09-30',
    false,
    'client-mtmlab',
    'MTM Lab株式会社 一級建築士事務所',
    94600000,
    '2026-04-15',
    '2026-09-25',
    '2026-09-30',
    '2027-09-30'
  )
on conflict (id) do nothing;

insert into public.contractors (
  id,
  created_at,
  updated_at,
  name,
  trade,
  phone,
  email
) values
  (
    'contractor-lgs',
    '2026-01-05T09:10:00.000Z',
    '2026-01-05T09:10:00.000Z',
    '東京LGS工業',
    '軽天',
    '03-1111-2222',
    'lgs@example.com'
  ),
  (
    'contractor-elec',
    '2026-01-05T09:12:00.000Z',
    '2026-01-05T09:12:00.000Z',
    '東都電設',
    '電気',
    '03-3333-4444',
    'elec@example.com'
  ),
  (
    'contractor-ripple',
    '2026-04-01T09:00:00.000Z',
    '2026-04-01T09:00:00.000Z',
    '株式会社リップル',
    '元請・総合',
    '03-5555-6666',
    'info@ripple-const.example.com'
  ),
  (
    'contractor-laporta',
    '2026-04-01T09:05:00.000Z',
    '2026-04-01T09:05:00.000Z',
    '株式会社ラポルタ',
    '解体・躯体・衛生',
    '03-6434-xxxx',
    'niiyama@laporta.co.jp'
  )
on conflict (id) do nothing;

insert into public.tasks (
  id,
  created_at,
  updated_at,
  project_id,
  name,
  description,
  status,
  start_date,
  due_date,
  progress,
  cost,
  dependencies,
  contractor_id,
  contractor,
  is_milestone
) values
  (
    'task-demolition',
    '2026-01-07T08:00:00.000Z',
    '2026-01-07T08:00:00.000Z',
    'project-genbahub-hq',
    '解体工事',
    '既存間仕切りと造作の撤去',
    'done',
    '2026-01-10',
    '2026-01-12',
    100,
    850000,
    '[]'::jsonb,
    null,
    null,
    false
  ),
  (
    'task-lgs',
    '2026-01-12T08:00:00.000Z',
    '2026-01-12T08:00:00.000Z',
    'project-genbahub-hq',
    'LGS組み',
    '軽量鉄骨下地の施工',
    'in_progress',
    '2026-01-13',
    '2026-01-20',
    45,
    1300000,
    '[{"predecessorId":"task-demolition","type":"FS","lagDays":0}]'::jsonb,
    'contractor-lgs',
    '東京LGS工業',
    false
  ),
  (
    'task-inspection',
    '2026-03-10T08:00:00.000Z',
    '2026-03-10T08:00:00.000Z',
    'project-genbahub-hq',
    '社内検査',
    '引渡前の最終確認',
    'todo',
    '2026-03-10',
    '2026-03-10',
    0,
    0,
    '[{"predecessorId":"task-lgs","type":"FS","lagDays":1}]'::jsonb,
    null,
    null,
    true
  ),
  -- KDX南青山 A〜O工事区分
  (
    'task-kdx-a-kasetsu',
    '2026-04-01T10:00:00.000Z',
    '2026-04-01T10:00:00.000Z',
    'project-kdx-minamiaoyama',
    'A 仮設工事',
    '共通仮設・養生・足場等',
    'todo',
    '2026-05-01',
    '2026-05-10',
    0,
    4040000,
    '[]'::jsonb,
    'contractor-ripple',
    '株式会社リップル',
    false
  ),
  (
    'task-kdx-b-kaitai',
    '2026-04-01T10:01:00.000Z',
    '2026-04-01T10:01:00.000Z',
    'project-kdx-minamiaoyama',
    'B 解体工事',
    '既存内装・設備の解体撤去（ラポルタ担当）',
    'todo',
    '2026-05-12',
    '2026-05-23',
    0,
    2510000,
    '[{"predecessorId":"task-kdx-a-kasetsu","type":"FS","lagDays":1}]'::jsonb,
    'contractor-laporta',
    '株式会社ラポルタ',
    false
  ),
  (
    'task-kdx-c-kutai',
    '2026-04-01T10:02:00.000Z',
    '2026-04-01T10:02:00.000Z',
    'project-kdx-minamiaoyama',
    'C 躯体工事',
    '躯体補修・間仕切り下地等（ラポルタ担当）',
    'todo',
    '2026-05-26',
    '2026-06-06',
    0,
    3070000,
    '[{"predecessorId":"task-kdx-b-kaitai","type":"FS","lagDays":0}]'::jsonb,
    'contractor-laporta',
    '株式会社ラポルタ',
    false
  ),
  (
    'task-kdx-d-yuka',
    '2026-04-01T10:03:00.000Z',
    '2026-04-01T10:03:00.000Z',
    'project-kdx-minamiaoyama',
    'D 床工事',
    'フローリング・タイル等の床仕上げ',
    'todo',
    '2026-06-09',
    '2026-06-27',
    0,
    8040000,
    '[{"predecessorId":"task-kdx-c-kutai","type":"FS","lagDays":0}]'::jsonb,
    'contractor-ripple',
    '株式会社リップル',
    false
  ),
  (
    'task-kdx-e-kabe-tenjo',
    '2026-04-01T10:04:00.000Z',
    '2026-04-01T10:04:00.000Z',
    'project-kdx-minamiaoyama',
    'E 壁天井工事',
    'ボード貼り・クロス・塗装等の壁天井仕上げ',
    'todo',
    '2026-06-09',
    '2026-06-27',
    0,
    6810000,
    '[{"predecessorId":"task-kdx-c-kutai","type":"FS","lagDays":0}]'::jsonb,
    'contractor-ripple',
    '株式会社リップル',
    false
  ),
  (
    'task-kdx-f-tategu',
    '2026-04-01T10:05:00.000Z',
    '2026-04-01T10:05:00.000Z',
    'project-kdx-minamiaoyama',
    'F 建具工事',
    'ドア・サッシ等の建具取付',
    'todo',
    '2026-06-30',
    '2026-07-10',
    0,
    5900000,
    '[{"predecessorId":"task-kdx-e-kabe-tenjo","type":"FS","lagDays":0}]'::jsonb,
    'contractor-ripple',
    '株式会社リップル',
    false
  ),
  (
    'task-kdx-g-zousaku',
    '2026-04-01T10:06:00.000Z',
    '2026-04-01T10:06:00.000Z',
    'project-kdx-minamiaoyama',
    'G 造作工事',
    '造作家具・棚・カウンター等',
    'todo',
    '2026-07-01',
    '2026-07-18',
    0,
    8600000,
    '[{"predecessorId":"task-kdx-d-yuka","type":"FS","lagDays":0}]'::jsonb,
    'contractor-ripple',
    '株式会社リップル',
    false
  ),
  (
    'task-kdx-h-kitchen',
    '2026-04-01T10:07:00.000Z',
    '2026-04-01T10:07:00.000Z',
    'project-kdx-minamiaoyama',
    'H キッチン工事',
    'キッチン設備・レンジフード・食洗機等',
    'todo',
    '2026-07-21',
    '2026-07-31',
    0,
    7630000,
    '[{"predecessorId":"task-kdx-g-zousaku","type":"FS","lagDays":0}]'::jsonb,
    'contractor-ripple',
    '株式会社リップル',
    false
  ),
  (
    'task-kdx-i-eisei',
    '2026-04-01T10:08:00.000Z',
    '2026-04-01T10:08:00.000Z',
    'project-kdx-minamiaoyama',
    'I 衛生工事',
    'トイレ・洗面・バスルーム等の衛生設備（ラポルタ担当）',
    'todo',
    '2026-07-21',
    '2026-08-01',
    0,
    4810000,
    '[{"predecessorId":"task-kdx-f-tategu","type":"FS","lagDays":0}]'::jsonb,
    'contractor-laporta',
    '株式会社ラポルタ',
    false
  ),
  (
    'task-kdx-j-kyuhaisui',
    '2026-04-01T10:09:00.000Z',
    '2026-04-01T10:09:00.000Z',
    'project-kdx-minamiaoyama',
    'J 給排水工事',
    '給水・排水・給湯配管',
    'todo',
    '2026-06-09',
    '2026-06-20',
    0,
    2720000,
    '[{"predecessorId":"task-kdx-c-kutai","type":"FS","lagDays":0}]'::jsonb,
    'contractor-ripple',
    '株式会社リップル',
    false
  ),
  (
    'task-kdx-k-denki',
    '2026-04-01T10:10:00.000Z',
    '2026-04-01T10:10:00.000Z',
    'project-kdx-minamiaoyama',
    'K 電気工事',
    '電気配線・照明・コンセント・分電盤等',
    'todo',
    '2026-06-09',
    '2026-06-27',
    0,
    4710000,
    '[{"predecessorId":"task-kdx-c-kutai","type":"FS","lagDays":0}]'::jsonb,
    'contractor-ripple',
    '株式会社リップル',
    false
  ),
  (
    'task-kdx-l-jakuden',
    '2026-04-01T10:11:00.000Z',
    '2026-04-01T10:11:00.000Z',
    'project-kdx-minamiaoyama',
    'L 弱電工事',
    'LAN・TV・インターホン等の弱電設備',
    'todo',
    '2026-07-14',
    '2026-07-18',
    0,
    730000,
    '[{"predecessorId":"task-kdx-k-denki","type":"FS","lagDays":0}]'::jsonb,
    'contractor-ripple',
    '株式会社リップル',
    false
  ),
  (
    'task-kdx-m-kucho',
    '2026-04-01T10:12:00.000Z',
    '2026-04-01T10:12:00.000Z',
    'project-kdx-minamiaoyama',
    'M 空調工事',
    'エアコン・換気設備の設置',
    'todo',
    '2026-07-14',
    '2026-07-25',
    0,
    2380000,
    '[{"predecessorId":"task-kdx-k-denki","type":"FS","lagDays":0}]'::jsonb,
    'contractor-ripple',
    '株式会社リップル',
    false
  ),
  (
    'task-kdx-n-gas',
    '2026-04-01T10:13:00.000Z',
    '2026-04-01T10:13:00.000Z',
    'project-kdx-minamiaoyama',
    'N ガス工事',
    'ガス配管（該当なし）',
    'todo',
    null,
    null,
    0,
    0,
    '[]'::jsonb,
    null,
    null,
    false
  ),
  (
    'task-kdx-o-sonota',
    '2026-04-01T10:14:00.000Z',
    '2026-04-01T10:14:00.000Z',
    'project-kdx-minamiaoyama',
    'O その他工事',
    '雑工事・クリーニング等（ラポルタ担当）',
    'todo',
    '2026-08-04',
    '2026-08-07',
    0,
    85000,
    '[{"predecessorId":"task-kdx-i-eisei","type":"FS","lagDays":0}]'::jsonb,
    'contractor-laporta',
    '株式会社ラポルタ',
    false
  ),
  (
    'task-kdx-completion',
    '2026-04-01T10:15:00.000Z',
    '2026-04-01T10:15:00.000Z',
    'project-kdx-minamiaoyama',
    '竣工検査',
    '施主検査・引渡し',
    'todo',
    '2026-09-25',
    '2026-09-25',
    0,
    0,
    '[{"predecessorId":"task-kdx-o-sonota","type":"FS","lagDays":0}]'::jsonb,
    null,
    null,
    true
  )
on conflict (id) do nothing;

insert into public.materials (
  id,
  created_at,
  updated_at,
  project_id,
  name,
  quantity,
  unit,
  unit_price,
  supplier,
  delivery_date,
  status
) values
  (
    'material-board',
    '2026-01-09T10:00:00.000Z',
    '2026-01-09T10:00:00.000Z',
    'project-genbahub-hq',
    '石膏ボード 12.5mm',
    180,
    '枚',
    680,
    '建材商事',
    '2026-01-14',
    'ordered'
  ),
  (
    'material-lighting',
    '2026-02-03T10:00:00.000Z',
    '2026-02-03T10:00:00.000Z',
    'project-cafe-renewal',
    'ダウンライト',
    24,
    '台',
    4200,
    '東都電設',
    '2026-02-16',
    'delivered'
  ),
  (
    'material-kdx-floor',
    '2026-04-05T10:00:00.000Z',
    '2026-04-05T10:00:00.000Z',
    'project-kdx-minamiaoyama',
    'フローリング材',
    189,
    '㎡',
    12000,
    '建材商事',
    '2026-06-05',
    'ordered'
  ),
  (
    'material-kdx-kitchen',
    '2026-04-05T10:10:00.000Z',
    '2026-04-05T10:10:00.000Z',
    'project-kdx-minamiaoyama',
    'システムキッチン一式',
    1,
    '式',
    5500000,
    'キッチンメーカー',
    '2026-07-15',
    'ordered'
  )
on conflict (id) do nothing;

insert into public.change_orders (
  id,
  created_at,
  updated_at,
  project_id,
  description,
  amount,
  approved_by,
  date,
  status
) values
  (
    'change-signage',
    '2026-01-20T09:00:00.000Z',
    '2026-01-20T09:00:00.000Z',
    'project-genbahub-hq',
    '受付サイン仕様変更',
    180000,
    '佐藤PM',
    '2026-01-20',
    'approved'
  ),
  (
    'change-counter',
    '2026-02-12T09:00:00.000Z',
    '2026-02-12T09:00:00.000Z',
    'project-cafe-renewal',
    'カウンター下地補強追加',
    95000,
    '高橋PM',
    '2026-02-12',
    'pending'
  )
on conflict (id) do nothing;

insert into public.notifications (
  id,
  created_at,
  updated_at,
  type,
  message,
  project_id,
  recipient_id,
  priority,
  read,
  read_at
) values
  (
    'notification-task',
    '2026-01-15T07:00:00.000Z',
    '2026-01-15T07:00:00.000Z',
    'task_status_changed',
    'LGS組みが進行中に更新されました。',
    'project-genbahub-hq',
    'pm-koki',
    'medium',
    false,
    null
  ),
  (
    'notification-material',
    '2026-02-14T07:00:00.000Z',
    '2026-02-14T07:05:00.000Z',
    'material_delivery_due',
    'ダウンライトの納品日が近づいています。',
    'project-cafe-renewal',
    'pm-koki',
    'high',
    true,
    '2026-02-14T07:05:00.000Z'
  )
on conflict (id) do nothing;
